{"cameraMode":{"drawMode":0,"name":"Shaded","section":"Shading Mode"},"sceneLighting":true,"audioPlay":false,"sceneViewState":{"showFog":false,"showMaterialUpdate":false,"showSkybox":false,"showFlares":false,"showImageEffects":false,"showParticleSystems":true},"in2DMode":false,"pivot":{"x":-0.08647975325584412,"y":2.029892921447754,"z":0.3829030990600586},"rotation":{"x":-0.023577386513352395,"y":0.9184889197349548,"z":-0.3908351957798004,"w":-0.05540851876139641},"size":2.9964451789855959,"orthographic":false}