{"cameraMode":{"drawMode":0,"name":"Shaded","section":"Shading Mode"},"sceneLighting":true,"audioPlay":false,"sceneViewState":{"showFog":false,"showMaterialUpdate":false,"showSkybox":false,"showFlares":false,"showImageEffects":false,"showParticleSystems":true},"in2DMode":false,"pivot":{"x":2.4152934551239015,"y":-0.9264636039733887,"z":-0.21878044307231904},"rotation":{"x":-0.28495079278945925,"y":0.64479660987854,"z":-0.2824057936668396,"w":-0.6506054401397705},"size":6.726754188537598,"orthographic":false}